timestamp,us_kiri,us_tengah,us_kanan,arah_sektor,mode_sistem,pwm_kiri,pwm_kanan
1785982996578,84.9,91,110.1,HILANG,MENCARI,120,-120
1785982996678,89.1,94.3,107.7,TENGAH,MENGIKUTI,150,150
1785982996778,92.9,90.6,108.2,TENGAH,MENGIKUTI,150,150
1785982996879,99.4,90.5,111.1,TENGAH,MENGIKUTI,150,150
1785982996980,102.6,98.4,111.1,TENGAH,MENGIKUTI,150,150
1785982997080,108.7,91.9,108.3,TENGAH,MENGIKUTI,150,150
1785982997181,109,84.3,107.4,TENGAH,MENGIKUTI,150,150
1785982997282,111,76.7,105.8,TENGAH,MENGIKUTI,150,150
1785982997382,115.7,75.4,105,TENGAH,MENGIKUTI,150,150
1785982997483,113.7,77.7,98.6,TENGAH,MENGIKUTI,150,150
1785982997584,117,75.2,102.4,TENGAH,MENGIKUTI,150,150
1785982997684,109.2,82.1,94.5,TENGAH,MENGIKUTI,150,150
1785982997785,110,75.4,94.3,TENGAH,MENGIKUTI,150,150
1785982997885,104.5,75.2,91.2,TENGAH,MENGIKUTI,150,150
1785982997986,102.4,73.1,89.5,TENGAH,MENGIKUTI,150,150
1785982998087,95.5,70.6,92.5,TENGAH,MENGIKUTI,150,150
1785982998187,94.5,65.7,97.3,TENGAH,MENGIKUTI,150,150
1785982998287,95.4,70.7,95,TENGAH,MENGIKUTI,150,150
1785982998388,103.2,65.9,97.3,TENGAH,MENGIKUTI,150,150
1785982998489,103.7,69.7,90.8,TENGAH,MENGIKUTI,150,150
1785982998589,111.1,73.6,84.5,TENGAH,MENGIKUTI,150,150
1785982998690,107.5,72.9,78.2,TENGAH,MENGIKUTI,150,150
1785982998790,112.2,75,82.7,TENGAH,MENGIKUTI,150,150
1785982998891,112.9,74.3,80.5,TENGAH,MENGIKUTI,150,150
1785982998992,115.5,75.4,75.6,KANAN,MENGIKUTI,150,75
1785982999092,111.3,80.1,76.4,KANAN,MENGIKUTI,150,75
1785982999193,115.6,84.9,69.2,KANAN,MENGIKUTI,150,75
1785982999293,116.2,79.9,74.6,KANAN,MENGIKUTI,150,75
1785982999394,121.2,81.6,69.6,KANAN,MENGIKUTI,150,75
1785982999494,113.8,75.3,72.1,KANAN,MENGIKUTI,150,75
1785982999595,115.4,70,77.8,KANAN,MENGIKUTI,150,75
1785982999695,113.5,69.4,74.6,KIRI,MENGIKUTI,75,150
1785982999796,115.9,74.6,68,KIRI,MENGIKUTI,75,150
1785982999896,123.8,75.2,60.8,KIRI,MENGIKUTI,75,150
1785982999997,122.6,68.7,60.9,KIRI,MENGIKUTI,75,150
1785983000097,127.5,71.8,63.4,KANAN,MENGIKUTI,150,75
1785983000197,130,79.6,69.6,KANAN,MENGIKUTI,150,75
1785983000298,122.7,78.9,76.9,KANAN,MENGIKUTI,150,75
1785983000399,119.7,84.3,78.1,KANAN,MENGIKUTI,150,75
1785983000499,125.5,84.8,73.4,KANAN,MENGIKUTI,150,75
1785983000600,127.9,80.5,77.5,KANAN,MENGIKUTI,150,75
1785983000701,121.6,73.1,72.9,KANAN,MENGIKUTI,150,75
1785983000801,129,78.7,77,KANAN,MENGIKUTI,150,75
1785983000902,127.3,82.2,75.7,HILANG,MENCARI,120,-120
1785983001003,131.8,79.1,71.3,HILANG,MENCARI,120,-120
1785983001104,132.4,82.3,77.8,HILANG,MENCARI,120,-120
1785983001204,126.8,82.7,83.9,HILANG,MENCARI,120,-120
1785983001305,123.4,82.7,90.4,HILANG,MENCARI,120,-120
1785983001406,127.2,80.9,82.6,HILANG,MENCARI,120,-120
1785983001506,126,73.3,81.6,HILANG,MENCARI,120,-120
1785983001607,118.7,75.7,86.1,HILANG,MENCARI,120,-120
1785983001707,113,82.6,80.2,HILANG,MENCARI,120,-120
1785983001808,108.4,79.5,80.6,HILANG,MENCARI,120,-120
1785983001909,101,75.5,75.1,HILANG,MENCARI,120,-120
1785983002009,97.6,72,77.4,HILANG,MENCARI,120,-120
1785983002110,96.6,64.6,74,HILANG,MENCARI,120,-120
1785983002211,100.7,66.6,78.8,HILANG,MENCARI,120,-120
1785983002312,98.5,59.5,80.2,HILANG,MENCARI,120,-120
1785983002413,102.6,59.8,84.9,HILANG,MENCARI,120,-120
1785983002514,96.1,65.6,92.8,HILANG,MENCARI,120,-120
1785983002614,99,71.5,99.7,HILANG,MENCARI,120,-120
1785983002715,95.4,71.1,97.7,KIRI,MENGIKUTI,75,150
1785983002815,90.9,78.2,105.4,KIRI,MENGIKUTI,75,150
1785983002916,87.7,71.7,101.4,KIRI,MENGIKUTI,75,150
1785983003016,85.9,72.8,107.3,KIRI,MENGIKUTI,75,150
1785983003117,91.2,78.8,109.5,KIRI,MENGIKUTI,75,150
1785983003217,92.9,76.5,116.4,KIRI,MENGIKUTI,75,150
1785983003318,88.6,81.8,120.3,KIRI,MENGIKUTI,75,150
1785983003419,83.3,86.5,128,KIRI,MENGIKUTI,75,150
1785983003519,81,86.6,129.7,KIRI,MENGIKUTI,75,150
1785983003620,87.2,81.2,129.5,KIRI,MENGIKUTI,75,150
1785983003721,91.3,86.4,125.4,KIRI,MENGIKUTI,75,150
1785983003822,90.2,91.4,123.4,KIRI,MENGIKUTI,75,150
1785983003923,87.9,93.7,117.6,KIRI,MENGIKUTI,75,150
1785983004023,93.8,98.8,120.5,KIRI,MENGIKUTI,75,150
1785983004124,87.1,91.1,121.5,KANAN,MENGIKUTI,150,75
1785983004225,93.3,96,128.4,KANAN,MENGIKUTI,150,75
1785983004325,89,103.4,121.8,KANAN,MENGIKUTI,150,75
1785983004426,96.2,104.4,122.8,KANAN,MENGIKUTI,150,75
1785983004526,93.9,102.3,128.8,KANAN,MENGIKUTI,150,75
1785983004627,100.7,108.5,126.3,KANAN,MENGIKUTI,150,75
1785983004727,100.8,109.4,125.7,KANAN,MENGIKUTI,150,75
1785983004828,106.5,108.3,128.1,KANAN,MENGIKUTI,150,75
1785983004929,102.9,113.4,128.5,KANAN,MENGIKUTI,150,75
1785983005029,102.9,111.7,127.9,KANAN,MENGIKUTI,150,75
1785983005130,101.2,111.9,135.2,KANAN,MENGIKUTI,150,75
1785983005231,98.3,107.1,136.8,KIRI,MENGIKUTI,75,150
1785983005331,99.7,104.3,131.1,KIRI,MENGIKUTI,75,150
1785983005432,94.6,106.1,123.5,KIRI,MENGIKUTI,75,150
1785983005533,87.7,104.2,118.8,KIRI,MENGIKUTI,75,150
1785983005633,80.4,110.3,111.2,KIRI,MENGIKUTI,75,150
1785983005734,78.2,104.8,118.4,HILANG,MENCARI,120,-120
1785983005835,79.2,106.5,122.8,HILANG,MENCARI,120,-120
1785983005935,72.2,107.7,127.1,HILANG,MENCARI,120,-120
1785983006036,71.8,110.1,124.1,HILANG,MENCARI,120,-120
1785983006136,69.4,112.9,123.6,HILANG,MENCARI,120,-120
1785983006237,63.5,114.5,130.2,HILANG,MENCARI,120,-120
1785983006337,60.4,111.3,136.2,TENGAH,MENGIKUTI,150,150
1785983006438,65.4,113.5,135,TENGAH,MENGIKUTI,150,150
1785983006539,72.4,116.9,138.4,TENGAH,MENGIKUTI,150,150
1785983006639,70.7,124.4,146.1,HILANG,MENCARI,120,-120
1785983006740,70.7,122.3,143.1,HILANG,MENCARI,120,-120
1785983006841,75.7,128.6,144.6,HILANG,MENCARI,120,-120
1785983006941,70.2,131.6,144.2,HILANG,MENCARI,120,-120
1785983007042,72.1,126.1,148,HILANG,MENCARI,120,-120
1785983007142,66.6,125.8,150,HILANG,MENCARI,120,-120
1785983007243,67.5,118,145.7,HILANG,MENCARI,120,-120
1785983007344,60.3,116.4,138.9,HILANG,MENCARI,120,-120
1785983007445,62.2,110.1,146.6,HILANG,MENCARI,120,-120
1785983007545,65.7,110.7,146.8,HILANG,MENCARI,120,-120
1785983007646,64.9,107,147.8,HILANG,MENCARI,120,-120
1785983007746,63.4,109.9,140.6,HILANG,MENCARI,120,-120
1785983007847,69.1,105,146.2,HILANG,MENCARI,120,-120
1785983007947,69.6,103.5,145.5,HILANG,MENCARI,120,-120
1785983008048,76.1,107,150,HILANG,MENCARI,120,-120
1785983008149,69.4,112.6,150,HILANG,MENCARI,120,-120
1785983008250,61.5,111.2,150,HILANG,MENCARI,120,-120
1785983008350,55.5,106.1,150,HILANG,MENCARI,120,-120
1785983008451,47.6,103.5,150,HILANG,MENCARI,120,-120
1785983008552,40.8,96.7,150,HILANG,MENCARI,120,-120
1785983008653,47.2,91.5,150,HILANG,MENCARI,120,-120
1785983008754,49.9,90.8,150,HILANG,MENCARI,120,-120
1785983008855,47.4,96.9,150,HILANG,MENCARI,120,-120
1785983008955,50.9,103.7,149.9,HILANG,MENCARI,120,-120
1785983009056,44.2,107.8,150,HILANG,MENCARI,120,-120
1785983009156,36.8,104.8,150,HILANG,MENCARI,120,-120
1785983009257,34.1,106.8,143.9,HILANG,MENCARI,120,-120
1785983009357,39.6,113.3,138,HILANG,MENCARI,120,-120
1785983009458,33.9,111.3,132.2,HILANG,MENCARI,120,-120
1785983009559,37.9,110.2,134.6,HILANG,MENCARI,120,-120
1785983009660,29.9,105.3,140.3,HILANG,MENCARI,120,-120
1785983009760,30.8,110.6,139.5,HILANG,MENCARI,120,-120
1785983009861,27.3,112,131.6,HILANG,MENCARI,120,-120
1785983009962,27,114.2,128.5,HILANG,MENCARI,120,-120
1785983010063,25.4,113.3,122.6,HILANG,MENCARI,120,-120
1785983010164,27.5,105.6,116.9,HILANG,MENCARI,120,-120
1785983010265,35.4,112.8,124.4,HILANG,MENCARI,120,-120
1785983010365,33.4,113.6,125,HILANG,MENCARI,120,-120
1785983010466,35.5,112.1,117.5,HILANG,MENCARI,120,-120
1785983010566,32.3,106.6,110.2,HILANG,MENCARI,120,-120
1785983010667,37.9,112,113.8,TENGAH,MENGIKUTI,150,150
1785983010767,40.1,106.7,106.4,TENGAH,MENGIKUTI,150,150
1785983010868,44.3,112.4,102.4,TENGAH,MENGIKUTI,150,150
1785983010969,47.7,117.8,98.1,TENGAH,MENGIKUTI,150,150
1785983011070,52.4,112.1,92.1,TENGAH,MENGIKUTI,150,150
1785983011171,56.1,110,97.5,TENGAH,MENGIKUTI,150,150
1785983011271,59.8,107.4,91.6,TENGAH,MENGIKUTI,150,150
1785983011372,59.9,102,93,TENGAH,MENGIKUTI,150,150
1785983011473,58.8,105.9,88.8,TENGAH,MENGIKUTI,150,150
1785983011574,59.6,113.3,94.8,TENGAH,MENGIKUTI,150,150
1785983011675,64.1,105.6,87.6,TENGAH,MENGIKUTI,150,150
1785983011775,68.4,102.4,86.6,TENGAH,MENGIKUTI,150,150
1785983011876,74.8,105.2,80.9,TENGAH,MENGIKUTI,150,150
1785983011976,68.7,113,79.6,TENGAH,MENGIKUTI,150,150
1785983012077,63.5,112,73.3,TENGAH,MENGIKUTI,150,150
1785983012177,59.4,117.6,79.8,TENGAH,MENGIKUTI,150,150
1785983012278,57.2,124,79,TENGAH,MENGIKUTI,150,150
1785983012379,54.6,125.8,85.6,TENGAH,MENGIKUTI,150,150
1785983012479,60.6,121.8,81.1,TENGAH,MENGIKUTI,150,150
1785983012580,66,128.2,77.9,TENGAH,MENGIKUTI,150,150
1785983012681,63.5,134.5,78,TENGAH,MENGIKUTI,150,150
1785983012782,64.5,142.4,80.9,TENGAH,MENGIKUTI,150,150
1785983012883,61,149.3,74.1,TENGAH,MENGIKUTI,150,150
1785983012983,64.9,145.6,79,TENGAH,MENGIKUTI,150,150
1785983013084,72.3,141.1,84.7,TENGAH,MENGIKUTI,150,150
1785983013185,71.2,137.2,87.2,TENGAH,MENGIKUTI,150,150
1785983013285,68.9,131.3,93.8,TENGAH,MENGIKUTI,150,150
1785983013386,74.3,134.8,92.3,TENGAH,MENGIKUTI,150,150
1785983013486,67.3,132.7,89.3,TENGAH,MENGIKUTI,150,150
1785983013586,70.8,128.7,84.4,TENGAH,MENGIKUTI,150,150
1785983013687,75.5,130.4,79.4,TENGAH,MENGIKUTI,150,150
1785983013787,75.6,127.6,77.4,TENGAH,MENGIKUTI,150,150
1785983013888,77.9,129.4,78.6,TENGAH,MENGIKUTI,150,150
1785983013989,78.2,123.5,79.9,TENGAH,MENGIKUTI,150,150
1785983014090,70.7,124.9,74.5,TENGAH,MENGIKUTI,150,150
1785983014190,72.5,127.1,73.1,TENGAH,MENGIKUTI,150,150
1785983014291,66,119.7,70,TENGAH,MENGIKUTI,150,150
1785983014392,61.4,119.9,69.3,TENGAH,MENGIKUTI,150,150
1785983014493,59.3,112.7,70.5,TENGAH,MENGIKUTI,150,150
1785983014593,64.3,107,70.8,TENGAH,MENGIKUTI,150,150
1785983014694,70.3,108.3,64.6,TENGAH,MENGIKUTI,150,150
1785983014795,69.5,111.4,65.9,TENGAH,MENGIKUTI,150,150
1785983014895,68.1,104.2,59.9,TENGAH,MENGIKUTI,150,150
1785983014996,67.6,111.2,63.1,TENGAH,MENGIKUTI,150,150
1785983015097,73.6,103.5,55.1,TENGAH,MENGIKUTI,150,150
1785983015198,67.8,99.4,49.3,TENGAH,MENGIKUTI,150,150
1785983015298,71.8,107.1,45.2,TENGAH,MENGIKUTI,150,150
1785983015399,67.3,104,42,TENGAH,MENGIKUTI,150,150
1785983015500,60,109.7,42.8,TENGAH,MENGIKUTI,150,150
1785983015600,55.5,114.5,34.9,TENGAH,MENGIKUTI,150,150
1785983015701,57.4,108.5,35.2,TENGAH,MENGIKUTI,150,150
1785983015802,62.2,115.1,38.7,TENGAH,MENGIKUTI,150,150
1785983015903,54.4,111.6,32.7,TENGAH,MENGIKUTI,150,150
1785983016003,54.5,118.1,32.2,TENGAH,MENGIKUTI,150,150
1785983016104,50.1,112.4,36.4,TENGAH,MENGIKUTI,150,150
1785983016204,48.4,113.6,41,TENGAH,MENGIKUTI,150,150
1785983016305,55.7,113.9,46.9,TENGAH,MENGIKUTI,150,150
1785983016406,60.7,113.4,48.6,TENGAH,MENGIKUTI,150,150
1785983016506,68.6,109.2,40.7,TENGAH,MENGIKUTI,150,150
1785983016607,62.9,102,36.1,TENGAH,MENGIKUTI,150,150
1785983016708,58.3,95.1,37,TENGAH,MENGIKUTI,150,150
1785983016808,65.4,95.8,33.7,TENGAH,MENGIKUTI,150,150
1785983016909,67.3,89,35.2,TENGAH,MENGIKUTI,150,150
1785983017010,60.5,81.6,32.2,TENGAH,MENGIKUTI,150,150
1785983017110,58,75.9,24.8,TENGAH,MENGIKUTI,150,150
1785983017211,53.2,80.4,22.9,TENGAH,MENGIKUTI,150,150
1785983017312,46.1,76.9,26.5,TENGAH,MENGIKUTI,150,150
1785983017413,48,82.3,22.9,TENGAH,MENGIKUTI,150,150
1785983017514,42.4,76.2,23.5,TENGAH,MENGIKUTI,150,150
1785983017614,40.2,80.3,29.1,TENGAH,MENGIKUTI,150,150
1785983017715,44.2,86.6,32.5,TENGAH,MENGIKUTI,150,150
1785983017815,46.6,84.3,34.8,TENGAH,MENGIKUTI,150,150
1785983017916,51.3,78.6,28.7,TENGAH,MENGIKUTI,150,150
1785983018016,45.8,80.3,21,TENGAH,MENGIKUTI,150,150
1785983018117,53.3,73.1,21.8,TENGAH,MENGIKUTI,150,150
1785983018217,59.2,77.5,25,TENGAH,MENGIKUTI,150,150
1785983018318,52.2,71.3,33,TENGAH,MENGIKUTI,150,150
1785983018419,45.3,64.7,30,TENGAH,MENGIKUTI,150,150
1785983018520,45.9,71.9,31.3,TENGAH,MENGIKUTI,150,150
1785983018620,39.1,69,35.8,TENGAH,MENGIKUTI,150,150
1785983018721,35.8,65.2,31.7,KIRI,MENGIKUTI,75,150
1785983018822,30.5,60.6,31.5,TENGAH,MENGIKUTI,150,150
1785983018923,32.8,65.3,36.9,TENGAH,MENGIKUTI,150,150
1785983019024,25.7,57.8,39.5,TENGAH,MENGIKUTI,150,150
1785983019124,23.9,57.4,39.8,TENGAH,MENGIKUTI,150,150
1785983019225,23.1,49.9,40.9,TENGAH,MENGIKUTI,150,150
1785983019326,29.3,47.1,46.5,TENGAH,MENGIKUTI,150,150
1785983019426,28.7,46.1,39.1,TENGAH,MENGIKUTI,150,150
1785983019527,33.4,49.3,42.2,TENGAH,MENGIKUTI,150,150
1785983019628,31.7,43.6,42.9,TENGAH,MENGIKUTI,150,150
1785983019728,35.5,50.7,40.8,TENGAH,MENGIKUTI,150,150
1785983019829,41.2,45.1,44.7,TENGAH,MENGIKUTI,150,150
1785983019929,47.7,52.6,40.3,TENGAH,MENGIKUTI,150,150
1785983020030,48.3,45.7,41.4,TENGAH,MENGIKUTI,150,150
1785983020131,48.9,48.1,37.1,TENGAH,MENGIKUTI,150,150
1785983020232,45.3,50.2,29.6,TENGAH,MENGIKUTI,150,150
1785983020333,44.7,50.4,37.3,TENGAH,MENGIKUTI,150,150
1785983020434,48.6,53.9,34.7,TENGAH,MENGIKUTI,150,150
1785983020534,43.9,46.7,35.9,TENGAH,MENGIKUTI,150,150
1785983020635,51.1,48.8,36.4,TENGAH,MENGIKUTI,150,150
1785983020735,46.3,43.1,32.6,TENGAH,MENGIKUTI,150,150
1785983020836,42.9,45.3,28.7,TENGAH,MENGIKUTI,150,150
1785983020936,44.3,43.2,26.3,TENGAH,MENGIKUTI,150,150
1785983021037,42,46,27.5,TENGAH,MENGIKUTI,150,150
1785983021138,34.5,48.6,34.9,TENGAH,MENGIKUTI,150,150
1785983021238,27.3,56.4,35,TENGAH,MENGIKUTI,150,150
1785983021339,26.5,62.2,34.4,TENGAH,MENGIKUTI,150,150
1785983021439,26.9,64.8,34.3,TENGAH,MENGIKUTI,150,150
1785983021540,31.4,62.8,37.3,TENGAH,MENGIKUTI,150,150
1785983021641,29.6,62.7,31.7,TENGAH,MENGIKUTI,150,150
1785983021741,36.4,56.5,27.4,TENGAH,MENGIKUTI,150,150
1785983021842,37.8,63.1,20.6,TENGAH,MENGIKUTI,150,150
1785983021943,41.7,66.4,19.4,TENGAH,MENGIKUTI,150,150
1785983022044,36.3,72.8,16.7,TENGAH,MENGIKUTI,150,150
1785983022144,39.3,74.2,16.6,TENGAH,MENGIKUTI,150,150
1785983022245,42,69.2,12.7,TENGAH,MENGIKUTI,150,150
1785983022345,36,62.4,14.7,TENGAH,MENGIKUTI,150,150
1785983022446,29.8,64.3,20.6,TENGAH,MENGIKUTI,150,150
1785983022546,22.8,58.8,24.3,TENGAH,MENGIKUTI,150,150
1785983022647,28,53.4,28.7,TENGAH,MENGIKUTI,150,150
1785983022747,20.7,60,22.4,TENGAH,MENGIKUTI,150,150
1785983022848,27.5,60.5,19.6,TENGAH,MENGIKUTI,150,150
1785983022949,31.9,56.3,18.8,TENGAH,MENGIKUTI,150,150
1785983023050,29.5,55.9,11,TENGAH,MENGIKUTI,150,150
1785983023150,29.5,61.3,5,TENGAH,MENGIKUTI,150,150
1785983023251,22.6,66.2,11.3,TENGAH,MENGIKUTI,150,150
1785983023352,28.7,63.3,5,TENGAH,MENGIKUTI,150,150
1785983023453,22.1,68.6,5,TENGAH,MENGIKUTI,150,150
1785983023555,19.6,66.1,5.8,TENGAH,MENGIKUTI,150,150
1785983023655,26.6,73.5,13.8,TENGAH,MENGIKUTI,150,150
1785983023756,30.2,78.6,16.6,TENGAH,MENGIKUTI,150,150
1785983023856,26.3,75.2,22.9,TENGAH,MENGIKUTI,150,150
1785983023957,18.7,78.1,30.8,TENGAH,MENGIKUTI,150,150
1785983024057,17.6,76.7,29.3,TENGAH,MENGIKUTI,150,150
1785983024158,9.7,72.3,27.4,TENGAH,MENGIKUTI,150,150
1785983024259,5,67,27.6,TENGAH,MENGIKUTI,150,150
1785983024360,5.3,74.5,29.3,TENGAH,MENGIKUTI,150,150
1785983024460,5,72.3,32.9,TENGAH,MENGIKUTI,150,150
1785983024561,5,79.5,36,TENGAH,MENGIKUTI,150,150
1785983024662,6.4,86.5,43.5,TENGAH,MENGIKUTI,150,150
1785983024763,6.4,89.9,37.4,TENGAH,MENGIKUTI,150,150
1785983024864,13.1,83.5,32.9,HILANG,MENCARI,120,-120
1785983024965,7.2,90.5,25,HILANG,MENCARI,120,-120
1785983025065,9.5,98.3,29.5,HILANG,MENCARI,120,-120
1785983025166,10.8,99.8,21.7,HILANG,MENCARI,120,-120
1785983025266,17.5,94.4,24.4,HILANG,MENCARI,120,-120
1785983025367,19.1,93.6,18.4,HILANG,MENCARI,120,-120
1785983025468,17.7,100.2,12.4,HILANG,MENCARI,120,-120
1785983025569,13.7,99.1,7.9,HILANG,MENCARI,120,-120
1785983025670,18.5,97.9,7.4,HILANG,MENCARI,120,-120
1785983025770,14.8,104.8,7.9,HILANG,MENCARI,120,-120
1785983025871,20.5,104.2,12.5,HILANG,MENCARI,120,-120
1785983025972,23.6,99.7,6.8,HILANG,MENCARI,120,-120
1785983026073,21.5,106.7,13,HILANG,MENCARI,120,-120
1785983026174,24.6,101.7,18.6,HILANG,MENCARI,120,-120
1785983026274,18.2,106.5,12.4,HILANG,MENCARI,120,-120
1785983026375,12.3,102.4,18.7,HILANG,MENCARI,120,-120
1785983026476,18.7,102.9,23,HILANG,MENCARI,120,-120
1785983026576,22.4,100,18.3,HILANG,MENCARI,120,-120
1785983026677,26.8,102.1,14.4,HILANG,MENCARI,120,-120
1785983026778,19.2,95.3,22.1,HILANG,MENCARI,120,-120
1785983026879,13.7,92.6,15.9,HILANG,MENCARI,120,-120
1785983026980,10.5,85.1,23.6,HILANG,MENCARI,120,-120
1785983027081,7.6,81.5,27.4,HILANG,MENCARI,120,-120
1785983027182,13.7,81.1,32.9,HILANG,MENCARI,120,-120
1785983027283,15.2,80.1,39.3,HILANG,MENCARI,120,-120
1785983027383,22.2,80.5,46.4,HILANG,MENCARI,120,-120
1785983027484,25.1,73.8,48.2,HILANG,MENCARI,120,-120
1785983027585,22.8,75,40.8,HILANG,MENCARI,120,-120
1785983027685,23.7,68.1,45.3,HILANG,MENCARI,120,-120
1785983027786,16.4,64.6,46.4,HILANG,MENCARI,120,-120
1785983027886,12.5,67,39.7,HILANG,MENCARI,120,-120
1785983027987,15,68.7,47.3,HILANG,MENCARI,120,-120
1785983028087,13.2,73.6,53.4,HILANG,MENCARI,120,-120
1785983028188,10.8,79.3,55.7,HILANG,MENCARI,120,-120
1785983028289,13.7,82,62.8,TENGAH,MENGIKUTI,150,150
1785983028389,14.1,84.2,55.3,TENGAH,MENGIKUTI,150,150
1785983028490,19,88.6,57.9,TENGAH,MENGIKUTI,150,150
1785983028591,25.2,86.2,53.4,TENGAH,MENGIKUTI,150,150
1785983028692,18.2,79,60.1,TENGAH,MENGIKUTI,150,150
1785983028793,16.9,71.4,63.7,TENGAH,MENGIKUTI,150,150
1785983028893,11.7,65.4,62.3,TENGAH,MENGIKUTI,150,150
1785983028994,9.8,59.9,67.8,TENGAH,MENGIKUTI,150,150
1785983029095,16.4,53.1,63.3,TENGAH,MENGIKUTI,150,150
1785983029195,11.2,58.3,66.8,TENGAH,MENGIKUTI,150,150
1785983029296,9.7,59.7,59.3,TENGAH,MENGIKUTI,150,150
1785983029396,5.1,60.4,60.1,TENGAH,MENGIKUTI,150,150
1785983029497,7.2,54.3,67.3,TENGAH,MENGIKUTI,150,150
1785983029598,13.1,47.2,64.9,TENGAH,MENGIKUTI,150,150
1785983029699,12.9,53.8,59.6,TENGAH,MENGIKUTI,150,150
1785983029799,7.3,54.2,58.7,TENGAH,MENGIKUTI,150,150
1785983029900,5.9,58,64.3,TENGAH,MENGIKUTI,150,150
1785983030001,5,62.8,56.8,TENGAH,MENGIKUTI,150,150
1785983030101,5,57.5,64,TENGAH,MENGIKUTI,150,150
1785983030202,5,54.6,60.2,KIRI,MENGIKUTI,0,0
1785983030303,12.7,52.8,58.2,KIRI,MENGIKUTI,0,0
1785983030404,9.1,50.4,50.3,TENGAH,MENGIKUTI,150,150
1785983030505,6.3,50.3,45.9,TENGAH,MENGIKUTI,150,150
1785983030605,8.4,44.1,44.1,TENGAH,MENGIKUTI,150,150
1785983030706,5,48.4,38.6,TENGAH,MENGIKUTI,150,150
1785983030806,6.4,55.3,38.2,TENGAH,MENGIKUTI,150,150
1785983030907,5,58.2,33.7,TENGAH,MENGIKUTI,150,150
1785983031008,5,63.1,28.9,TENGAH,MENGIKUTI,150,150
1785983031108,7.5,56.6,31,TENGAH,MENGIKUTI,150,150
1785983031209,5,55.2,38.9,TENGAH,MENGIKUTI,150,150
1785983031309,11.5,56.9,37.4,TENGAH,MENGIKUTI,150,150
1785983031410,18.6,53.7,45.2,TENGAH,MENGIKUTI,150,150
1785983031511,26.5,48.9,44.2,TENGAH,MENGIKUTI,150,150
1785983031612,20.1,43.4,47.1,TENGAH,MENGIKUTI,150,150
1785983031713,22.7,37.1,47.5,TENGAH,MENGIKUTI,150,150
1785983031814,15,31.3,50.5,TENGAH,MENGIKUTI,150,150
1785983031915,18,37.8,52.3,TENGAH,MENGIKUTI,150,150
1785983032015,22,41.4,51.2,TENGAH,MENGIKUTI,150,150
1785983032116,18.5,46.8,43.4,TENGAH,MENGIKUTI,150,150
1785983032216,25.4,52.7,42.5,TENGAH,MENGIKUTI,150,150
1785983032317,20.4,49.6,37.6,TENGAH,MENGIKUTI,150,150
1785983032418,17.5,49.4,34.7,HILANG,MENCARI,120,-120
1785983032518,19.5,48.3,42.3,HILANG,MENCARI,120,-120
1785983032619,22.9,51.2,43.2,HILANG,MENCARI,120,-120
1785983032719,20.5,52.9,49.1,HILANG,MENCARI,120,-120
1785983032820,24.2,56.4,44.1,HILANG,MENCARI,120,-120
1785983032921,18.7,48.7,50.8,HILANG,MENCARI,120,-120
1785983033022,13.1,49.1,43.2,HILANG,MENCARI,120,-120
1785983033123,16.3,48.8,49.3,HILANG,MENCARI,120,-120
1785983033223,18.5,42,50.2,HILANG,MENCARI,120,-120
1785983033324,23.8,37.7,42.7,HILANG,MENCARI,120,-120
1785983033425,30.6,42.6,42.8,KIRI,MENGIKUTI,75,150
1785983033526,26.4,38.5,48.2,KIRI,MENGIKUTI,0,0
1785983033626,30.6,37.8,51.6,KIRI,MENGIKUTI,75,150
1785983033727,31.5,36.3,53.3,KIRI,MENGIKUTI,75,150
1785983033827,24.1,37.6,45.7,KIRI,MENGIKUTI,0,0
1785983033928,23.1,35.3,40.2,KIRI,MENGIKUTI,0,0
1785983034029,23.4,28.7,41.9,KIRI,MENGIKUTI,0,0
1785983034129,26.5,36.6,40.2,KANAN,MENGIKUTI,150,75
1785983034230,20.4,36,47.9,KANAN,MENGIKUTI,150,75
1785983034331,18.6,33.1,47.7,KANAN,MENGIKUTI,150,75
1785983034431,17.6,29.1,53.1,KANAN,MENGIKUTI,150,75
1785983034532,17.8,23.4,47.1,KANAN,MENGIKUTI,150,75
1785983034633,10.1,17.3,41.8,KANAN,MENGHINDAR,120,-120
1785983034734,16.8,24.7,39.2,KANAN,MENGIKUTI,150,75
1785983034834,16.4,22.9,42.7,KANAN,MENGIKUTI,150,75
1785983034935,18.7,14.9,39.3,KANAN,MENGHINDAR,120,-120
1785983035035,11.4,13.7,34.5,KANAN,MENGHINDAR,120,-120
1785983035136,12.7,12.7,40.7,KANAN,MENGHINDAR,120,-120
1785983035236,5.3,18.4,46.7,KANAN,MENGHINDAR,120,-120
1785983035337,10.1,15.7,54.4,KANAN,MENGHINDAR,120,-120
1785983035438,5,22.5,57.8,KANAN,MENGIKUTI,150,75
1785983035538,5,27.4,57.7,KANAN,MENGIKUTI,150,75
1785983035639,6.1,33.3,61,KANAN,MENGIKUTI,150,75
1785983035739,8.9,39.9,58.2,KANAN,MENGIKUTI,150,75
1785983035840,14,34.3,52.6,KANAN,MENGIKUTI,150,75
1785983035941,10.6,36.4,50.6,KANAN,MENGIKUTI,150,75
1785983036042,15.1,41.3,46.5,KANAN,MENGIKUTI,150,75
1785983036142,10,37,39.5,KANAN,MENGIKUTI,150,75
1785983036243,15.9,42.2,32.1,KANAN,MENGIKUTI,150,75
1785983036344,19,34.6,24.1,KANAN,MENGIKUTI,0,0
1785983036445,19.1,28.4,24.4,KANAN,MENGIKUTI,0,0
1785983036545,20.7,31.1,22.4,KANAN,MENGIKUTI,0,0
1785983036646,18.9,33.8,19.8,KANAN,MENGIKUTI,0,0
1785983036746,20.6,33.6,24.4,KANAN,MENGIKUTI,0,0
1785983036847,14.9,36.6,28.1,KANAN,MENGIKUTI,0,0
1785983036948,13.2,40.6,27.2,KANAN,MENGIKUTI,0,0
1785983037048,10,44,31.8,KANAN,MENGIKUTI,150,75
1785983037149,17.7,42.1,38,KANAN,MENGIKUTI,150,75
1785983037250,16.1,36.4,30.2,KANAN,MENGIKUTI,150,75
1785983037351,16.9,33.2,24,KANAN,MENGIKUTI,0,0
1785983037452,17.4,27.2,20.7,TENGAH,MENGIKUTI,0,0
1785983037552,22.9,32.8,28.6,TENGAH,MENGIKUTI,150,150
1785983037653,25.7,29.5,30.8,TENGAH,MENGIKUTI,0,0
1785983037754,28.8,25.4,29.5,TENGAH,MENGIKUTI,0,0
1785983037855,33.4,27.8,29.5,TENGAH,MENGIKUTI,0,0
1785983037955,35.6,33.7,24.1,TENGAH,MENGIKUTI,150,150
1785983038056,31.3,28.3,27.6,TENGAH,MENGIKUTI,0,0
1785983038156,32.5,29.9,28.7,TENGAH,MENGIKUTI,0,0
1785983038257,30.3,36.7,32.6,TENGAH,MENGIKUTI,150,150
1785983038358,34.7,36.4,34.8,TENGAH,MENGIKUTI,150,150
1785983038458,29.7,34.5,27.7,TENGAH,MENGIKUTI,150,150
1785983038559,24.8,30,32.3,TENGAH,MENGIKUTI,0,0
1785983038660,19.3,28.6,26.1,TENGAH,MENGIKUTI,0,0
1785983038761,24.3,23,24,TENGAH,MENGIKUTI,0,0
1785983038862,17.5,28.7,26.2,TENGAH,MENGIKUTI,0,0
1785983038963,15.6,32.4,23.5,TENGAH,MENGIKUTI,150,150
1785983039064,10.1,28,23.9,TENGAH,MENGIKUTI,0,0
1785983039164,16.6,35.8,24.7,TENGAH,MENGIKUTI,150,150
1785983039265,14.5,34.1,23.2,TENGAH,MENGIKUTI,150,150
1785983039365,9.7,37.3,18.5,TENGAH,MENGIKUTI,150,150
1785983039466,16.4,43.4,23,TENGAH,MENGIKUTI,150,150
1785983039566,9.5,46.4,30.1,TENGAH,MENGIKUTI,150,150
1785983039667,6.3,52.6,28.3,TENGAH,MENGIKUTI,150,150
1785983039768,13.4,46.4,36.2,TENGAH,MENGIKUTI,150,150
1785983039868,12,53.9,42.9,TENGAH,MENGIKUTI,150,150
1785983039969,16.8,56.9,49,KIRI,MENGIKUTI,0,0
1785983040070,12.3,59.5,55,KIRI,MENGIKUTI,0,0
1785983040171,15.1,53.7,53.7,KIRI,MENGIKUTI,0,0
1785983040271,22.9,46.3,58.1,KIRI,MENGIKUTI,0,0
1785983040372,21.3,40.1,52.4,KIRI,MENGIKUTI,0,0
1785983040473,28.7,47.7,58.4,KIRI,MENGIKUTI,0,0
1785983040574,32.3,52.4,56.6,KIRI,MENGIKUTI,75,150
1785983040674,39.4,49,61.2,KIRI,MENGIKUTI,75,150
1785983040775,31.9,51.4,59.1,KIRI,MENGIKUTI,75,150
1785983040875,24.8,54.9,60.6,KIRI,MENGIKUTI,0,0
1785983040976,21.5,61.9,65.1,KIRI,MENGIKUTI,0,0
1785983041076,19.8,56.8,66.6,KIRI,MENGIKUTI,0,0
1785983041177,19.3,62.3,74.5,KIRI,MENGIKUTI,0,0
1785983041277,22.9,64.6,74,KIRI,MENGIKUTI,0,0
1785983041378,20.7,57.9,71.3,KIRI,MENGIKUTI,0,0
1785983041479,24.3,54.5,67.2,KIRI,MENGIKUTI,0,0
1785983041580,22.1,54.4,59.5,KIRI,MENGIKUTI,0,0
1785983041680,16.5,50.3,61.4,KIRI,MENGIKUTI,0,0
1785983041781,20.6,53.8,64.1,KIRI,MENGIKUTI,0,0
1785983041881,22,55.2,67.8,KIRI,MENGIKUTI,0,0
1785983041982,26.5,53,61.5,KIRI,MENGIKUTI,0,0
1785983042083,20.5,54.3,63.2,KIRI,MENGIKUTI,0,0
1785983042184,26.7,47.4,55.4,KIRI,MENGIKUTI,0,0
1785983042285,19.3,44.1,55.8,KIRI,MENGIKUTI,0,0
1785983042385,22,46,58.2,TENGAH,MENGIKUTI,150,150
1785983042486,21.1,40.5,57.1,TENGAH,MENGIKUTI,150,150
1785983042586,22,47.5,61.1,TENGAH,MENGIKUTI,150,150
1785983042687,18.9,55.1,60.8,TENGAH,MENGIKUTI,150,150
1785983042787,19.5,57.3,67.5,TENGAH,MENGIKUTI,150,150
1785983042888,14.8,59.3,70.6,TENGAH,MENGIKUTI,150,150
1785983042988,18.9,61,77.6,TENGAH,MENGIKUTI,150,150
1785983043089,15,61,76.4,TENGAH,MENGIKUTI,150,150
1785983043190,15.8,54.1,74.4,TENGAH,MENGIKUTI,150,150
1785983043291,23.2,48.2,70.8,TENGAH,MENGIKUTI,150,150
1785983043391,23.3,42.8,77.9,TENGAH,MENGIKUTI,150,150
1785983043492,27.1,50.3,82.8,TENGAH,MENGIKUTI,150,150
1785983043593,24.2,49.8,89.2,TENGAH,MENGIKUTI,150,150
1785983043694,23.7,48.6,96.4,TENGAH,MENGIKUTI,150,150
1785983043795,19.7,49.5,89.1,TENGAH,MENGIKUTI,150,150
1785983043895,22.2,52.2,95.8,TENGAH,MENGIKUTI,150,150
1785983043996,19.5,45,94.6,KANAN,MENGIKUTI,150,75
1785983044096,26.9,44.6,100.7,KANAN,MENGIKUTI,150,75
1785983044197,27.7,51,98,TENGAH,MENGIKUTI,150,150
1785983044298,29.1,44.6,99.1,TENGAH,MENGIKUTI,150,150
1785983044398,29.4,43,103.3,TENGAH,MENGIKUTI,150,150
1785983044499,29.1,45.8,97.8,TENGAH,MENGIKUTI,150,150
1785983044600,35.2,39.7,103.8,TENGAH,MENGIKUTI,150,150
1785983044700,27.4,34.6,107.5,TENGAH,MENGIKUTI,150,150
1785983044801,19.6,35.5,102.2,TENGAH,MENGIKUTI,150,150
1785983044902,25.2,38.5,94.6,TENGAH,MENGIKUTI,150,150
1785983045002,32.5,31.1,94.2,TENGAH,MENGIKUTI,150,150
1785983045102,30.9,25.1,88.8,KANAN,MENGIKUTI,150,75
1785983045203,36.2,17.2,84,KANAN,MENGHINDAR,120,-120
1785983045304,43.2,18.6,87.5,KANAN,MENGHINDAR,120,-120
1785983045405,47.1,21,83.9,KANAN,MENGIKUTI,150,75
1785983045505,49.8,19.2,87.5,KANAN,MENGHINDAR,120,-120
1785983045606,57.5,18,94.9,KANAN,MENGHINDAR,120,-120
1785983045706,55,12.8,93,KANAN,MENGHINDAR,120,-120